Red,Green,Blue
0.1918883226685783,0.7478457425592845,0.06741910450757986
0.01921875497950854,0.9404130251787455,0.11377026022938175
0.0,0.01058995469906872,0.9990523301008225
